<application>
  <component name="ProjectJdkTable">
    <jdk version="2">
      <name value="1.8" />
      <type value="JavaSDK" />
      <version value="java version &quot;1.8.0_212&quot;" />
      <homePath value="$USER_HOME$/.local/share/java8" />
      <roots>
        <annotationsPath>
          <root type="composite">
            <root url="jar://$APPLICATION_HOME_DIR$/lib/jdkAnnotations.jar!/" type="simple" />
          </root>
        </annotationsPath>
        <classPath>
          <root type="composite">
            <root url="jar://$USER_HOME$/.local/share/java8/jre/lib/charsets.jar!/" type="simple" />
            <root url="jar://$USER_HOME$/.local/share/java8/jre/lib/ext/cldrdata.jar!/" type="simple" />
            <root url="jar://$USER_HOME$/.local/share/java8/jre/lib/ext/dnsns.jar!/" type="simple" />
            <root url="jar://$USER_HOME$/.local/share/java8/jre/lib/ext/jaccess.jar!/" type="simple" />
            <root url="jar://$USER_HOME$/.local/share/java8/jre/lib/ext/localedata.jar!/" type="simple" />
            <root url="jar://$USER_HOME$/.local/share/java8/jre/lib/ext/nashorn.jar!/" type="simple" />
            <root url="jar://$USER_HOME$/.local/share/java8/jre/lib/ext/sunec.jar!/" type="simple" />
            <root url="jar://$USER_HOME$/.local/share/java8/jre/lib/ext/sunjce_provider.jar!/" type="simple" />
            <root url="jar://$USER_HOME$/.local/share/java8/jre/lib/ext/sunpkcs11.jar!/" type="simple" />
            <root url="jar://$USER_HOME$/.local/share/java8/jre/lib/ext/zipfs.jar!/" type="simple" />
            <root url="jar://$USER_HOME$/.local/share/java8/jre/lib/jce.jar!/" type="simple" />
            <root url="jar://$USER_HOME$/.local/share/java8/jre/lib/jsse.jar!/" type="simple" />
            <root url="jar://$USER_HOME$/.local/share/java8/jre/lib/management-agent.jar!/" type="simple" />
            <root url="jar://$USER_HOME$/.local/share/java8/jre/lib/resources.jar!/" type="simple" />
            <root url="jar://$USER_HOME$/.local/share/java8/jre/lib/rt.jar!/" type="simple" />
          </root>
        </classPath>
        <javadocPath>
          <root type="composite" />
        </javadocPath>
        <sourcePath>
          <root type="composite">
            <root url="jar://$USER_HOME$/.local/share/java8/src.zip!/" type="simple" />
          </root>
        </sourcePath>
      </roots>
      <additional />
    </jdk>
    <jdk version="2">
      <name value="12" />
      <type value="JavaSDK" />
      <version value="java version &quot;12.0.1&quot;" />
      <homePath value="$USER_HOME$/.local/share/java12" />
      <roots>
        <annotationsPath>
          <root type="composite">
            <root url="jar://$APPLICATION_HOME_DIR$/lib/jdkAnnotations.jar!/" type="simple" />
          </root>
        </annotationsPath>
        <classPath>
          <root type="composite">
            <root url="jrt:///home/stevbov/.local/share/java12!/java.base" type="simple" />
            <root url="jrt:///home/stevbov/.local/share/java12!/java.compiler" type="simple" />
            <root url="jrt:///home/stevbov/.local/share/java12!/java.datatransfer" type="simple" />
            <root url="jrt:///home/stevbov/.local/share/java12!/java.desktop" type="simple" />
            <root url="jrt:///home/stevbov/.local/share/java12!/java.instrument" type="simple" />
            <root url="jrt:///home/stevbov/.local/share/java12!/java.logging" type="simple" />
            <root url="jrt:///home/stevbov/.local/share/java12!/java.management" type="simple" />
            <root url="jrt:///home/stevbov/.local/share/java12!/java.management.rmi" type="simple" />
            <root url="jrt:///home/stevbov/.local/share/java12!/java.naming" type="simple" />
            <root url="jrt:///home/stevbov/.local/share/java12!/java.net.http" type="simple" />
            <root url="jrt:///home/stevbov/.local/share/java12!/java.prefs" type="simple" />
            <root url="jrt:///home/stevbov/.local/share/java12!/java.rmi" type="simple" />
            <root url="jrt:///home/stevbov/.local/share/java12!/java.scripting" type="simple" />
            <root url="jrt:///home/stevbov/.local/share/java12!/java.se" type="simple" />
            <root url="jrt:///home/stevbov/.local/share/java12!/java.security.jgss" type="simple" />
            <root url="jrt:///home/stevbov/.local/share/java12!/java.security.sasl" type="simple" />
            <root url="jrt:///home/stevbov/.local/share/java12!/java.smartcardio" type="simple" />
            <root url="jrt:///home/stevbov/.local/share/java12!/java.sql" type="simple" />
            <root url="jrt:///home/stevbov/.local/share/java12!/java.sql.rowset" type="simple" />
            <root url="jrt:///home/stevbov/.local/share/java12!/java.transaction.xa" type="simple" />
            <root url="jrt:///home/stevbov/.local/share/java12!/java.xml" type="simple" />
            <root url="jrt:///home/stevbov/.local/share/java12!/java.xml.crypto" type="simple" />
            <root url="jrt:///home/stevbov/.local/share/java12!/jdk.accessibility" type="simple" />
            <root url="jrt:///home/stevbov/.local/share/java12!/jdk.aot" type="simple" />
            <root url="jrt:///home/stevbov/.local/share/java12!/jdk.attach" type="simple" />
            <root url="jrt:///home/stevbov/.local/share/java12!/jdk.charsets" type="simple" />
            <root url="jrt:///home/stevbov/.local/share/java12!/jdk.compiler" type="simple" />
            <root url="jrt:///home/stevbov/.local/share/java12!/jdk.crypto.cryptoki" type="simple" />
            <root url="jrt:///home/stevbov/.local/share/java12!/jdk.crypto.ec" type="simple" />
            <root url="jrt:///home/stevbov/.local/share/java12!/jdk.dynalink" type="simple" />
            <root url="jrt:///home/stevbov/.local/share/java12!/jdk.editpad" type="simple" />
            <root url="jrt:///home/stevbov/.local/share/java12!/jdk.hotspot.agent" type="simple" />
            <root url="jrt:///home/stevbov/.local/share/java12!/jdk.httpserver" type="simple" />
            <root url="jrt:///home/stevbov/.local/share/java12!/jdk.internal.ed" type="simple" />
            <root url="jrt:///home/stevbov/.local/share/java12!/jdk.internal.jvmstat" type="simple" />
            <root url="jrt:///home/stevbov/.local/share/java12!/jdk.internal.le" type="simple" />
            <root url="jrt:///home/stevbov/.local/share/java12!/jdk.internal.opt" type="simple" />
            <root url="jrt:///home/stevbov/.local/share/java12!/jdk.internal.vm.ci" type="simple" />
            <root url="jrt:///home/stevbov/.local/share/java12!/jdk.internal.vm.compiler" type="simple" />
            <root url="jrt:///home/stevbov/.local/share/java12!/jdk.internal.vm.compiler.management" type="simple" />
            <root url="jrt:///home/stevbov/.local/share/java12!/jdk.jartool" type="simple" />
            <root url="jrt:///home/stevbov/.local/share/java12!/jdk.javadoc" type="simple" />
            <root url="jrt:///home/stevbov/.local/share/java12!/jdk.jcmd" type="simple" />
            <root url="jrt:///home/stevbov/.local/share/java12!/jdk.jconsole" type="simple" />
            <root url="jrt:///home/stevbov/.local/share/java12!/jdk.jdeps" type="simple" />
            <root url="jrt:///home/stevbov/.local/share/java12!/jdk.jdi" type="simple" />
            <root url="jrt:///home/stevbov/.local/share/java12!/jdk.jdwp.agent" type="simple" />
            <root url="jrt:///home/stevbov/.local/share/java12!/jdk.jfr" type="simple" />
            <root url="jrt:///home/stevbov/.local/share/java12!/jdk.jlink" type="simple" />
            <root url="jrt:///home/stevbov/.local/share/java12!/jdk.jshell" type="simple" />
            <root url="jrt:///home/stevbov/.local/share/java12!/jdk.jsobject" type="simple" />
            <root url="jrt:///home/stevbov/.local/share/java12!/jdk.jstatd" type="simple" />
            <root url="jrt:///home/stevbov/.local/share/java12!/jdk.localedata" type="simple" />
            <root url="jrt:///home/stevbov/.local/share/java12!/jdk.management" type="simple" />
            <root url="jrt:///home/stevbov/.local/share/java12!/jdk.management.agent" type="simple" />
            <root url="jrt:///home/stevbov/.local/share/java12!/jdk.management.jfr" type="simple" />
            <root url="jrt:///home/stevbov/.local/share/java12!/jdk.naming.dns" type="simple" />
            <root url="jrt:///home/stevbov/.local/share/java12!/jdk.naming.rmi" type="simple" />
            <root url="jrt:///home/stevbov/.local/share/java12!/jdk.net" type="simple" />
            <root url="jrt:///home/stevbov/.local/share/java12!/jdk.pack" type="simple" />
            <root url="jrt:///home/stevbov/.local/share/java12!/jdk.rmic" type="simple" />
            <root url="jrt:///home/stevbov/.local/share/java12!/jdk.scripting.nashorn" type="simple" />
            <root url="jrt:///home/stevbov/.local/share/java12!/jdk.scripting.nashorn.shell" type="simple" />
            <root url="jrt:///home/stevbov/.local/share/java12!/jdk.sctp" type="simple" />
            <root url="jrt:///home/stevbov/.local/share/java12!/jdk.security.auth" type="simple" />
            <root url="jrt:///home/stevbov/.local/share/java12!/jdk.security.jgss" type="simple" />
            <root url="jrt:///home/stevbov/.local/share/java12!/jdk.unsupported" type="simple" />
            <root url="jrt:///home/stevbov/.local/share/java12!/jdk.unsupported.desktop" type="simple" />
            <root url="jrt:///home/stevbov/.local/share/java12!/jdk.xml.dom" type="simple" />
            <root url="jrt:///home/stevbov/.local/share/java12!/jdk.zipfs" type="simple" />
          </root>
        </classPath>
        <javadocPath>
          <root type="composite" />
        </javadocPath>
        <sourcePath>
          <root type="composite">
            <root url="jar://$USER_HOME$/.local/share/java12/lib/src.zip!/java.se" type="simple" />
            <root url="jar://$USER_HOME$/.local/share/java12/lib/src.zip!/jdk.aot" type="simple" />
            <root url="jar://$USER_HOME$/.local/share/java12/lib/src.zip!/jdk.jdi" type="simple" />
            <root url="jar://$USER_HOME$/.local/share/java12/lib/src.zip!/jdk.jfr" type="simple" />
            <root url="jar://$USER_HOME$/.local/share/java12/lib/src.zip!/jdk.net" type="simple" />
            <root url="jar://$USER_HOME$/.local/share/java12/lib/src.zip!/java.rmi" type="simple" />
            <root url="jar://$USER_HOME$/.local/share/java12/lib/src.zip!/java.sql" type="simple" />
            <root url="jar://$USER_HOME$/.local/share/java12/lib/src.zip!/java.xml" type="simple" />
            <root url="jar://$USER_HOME$/.local/share/java12/lib/src.zip!/jdk.jcmd" type="simple" />
            <root url="jar://$USER_HOME$/.local/share/java12/lib/src.zip!/jdk.pack" type="simple" />
            <root url="jar://$USER_HOME$/.local/share/java12/lib/src.zip!/jdk.rmic" type="simple" />
            <root url="jar://$USER_HOME$/.local/share/java12/lib/src.zip!/jdk.sctp" type="simple" />
            <root url="jar://$USER_HOME$/.local/share/java12/lib/src.zip!/java.base" type="simple" />
            <root url="jar://$USER_HOME$/.local/share/java12/lib/src.zip!/jdk.jdeps" type="simple" />
            <root url="jar://$USER_HOME$/.local/share/java12/lib/src.zip!/jdk.jlink" type="simple" />
            <root url="jar://$USER_HOME$/.local/share/java12/lib/src.zip!/jdk.zipfs" type="simple" />
            <root url="jar://$USER_HOME$/.local/share/java12/lib/src.zip!/java.prefs" type="simple" />
            <root url="jar://$USER_HOME$/.local/share/java12/lib/src.zip!/jdk.attach" type="simple" />
            <root url="jar://$USER_HOME$/.local/share/java12/lib/src.zip!/jdk.jshell" type="simple" />
            <root url="jar://$USER_HOME$/.local/share/java12/lib/src.zip!/jdk.jstatd" type="simple" />
            <root url="jar://$USER_HOME$/.local/share/java12/lib/src.zip!/java.naming" type="simple" />
            <root url="jar://$USER_HOME$/.local/share/java12/lib/src.zip!/jdk.editpad" type="simple" />
            <root url="jar://$USER_HOME$/.local/share/java12/lib/src.zip!/jdk.jartool" type="simple" />
            <root url="jar://$USER_HOME$/.local/share/java12/lib/src.zip!/jdk.javadoc" type="simple" />
            <root url="jar://$USER_HOME$/.local/share/java12/lib/src.zip!/jdk.xml.dom" type="simple" />
            <root url="jar://$USER_HOME$/.local/share/java12/lib/src.zip!/java.desktop" type="simple" />
            <root url="jar://$USER_HOME$/.local/share/java12/lib/src.zip!/java.logging" type="simple" />
            <root url="jar://$USER_HOME$/.local/share/java12/lib/src.zip!/jdk.charsets" type="simple" />
            <root url="jar://$USER_HOME$/.local/share/java12/lib/src.zip!/jdk.compiler" type="simple" />
            <root url="jar://$USER_HOME$/.local/share/java12/lib/src.zip!/jdk.dynalink" type="simple" />
            <root url="jar://$USER_HOME$/.local/share/java12/lib/src.zip!/jdk.jconsole" type="simple" />
            <root url="jar://$USER_HOME$/.local/share/java12/lib/src.zip!/jdk.jsobject" type="simple" />
            <root url="jar://$USER_HOME$/.local/share/java12/lib/src.zip!/java.compiler" type="simple" />
            <root url="jar://$USER_HOME$/.local/share/java12/lib/src.zip!/java.net.http" type="simple" />
            <root url="jar://$USER_HOME$/.local/share/java12/lib/src.zip!/jdk.crypto.ec" type="simple" />
            <root url="jar://$USER_HOME$/.local/share/java12/lib/src.zip!/java.scripting" type="simple" />
            <root url="jar://$USER_HOME$/.local/share/java12/lib/src.zip!/jdk.httpserver" type="simple" />
            <root url="jar://$USER_HOME$/.local/share/java12/lib/src.zip!/jdk.jdwp.agent" type="simple" />
            <root url="jar://$USER_HOME$/.local/share/java12/lib/src.zip!/jdk.localedata" type="simple" />
            <root url="jar://$USER_HOME$/.local/share/java12/lib/src.zip!/jdk.management" type="simple" />
            <root url="jar://$USER_HOME$/.local/share/java12/lib/src.zip!/jdk.naming.dns" type="simple" />
            <root url="jar://$USER_HOME$/.local/share/java12/lib/src.zip!/jdk.naming.rmi" type="simple" />
            <root url="jar://$USER_HOME$/.local/share/java12/lib/src.zip!/java.instrument" type="simple" />
            <root url="jar://$USER_HOME$/.local/share/java12/lib/src.zip!/java.management" type="simple" />
            <root url="jar://$USER_HOME$/.local/share/java12/lib/src.zip!/java.sql.rowset" type="simple" />
            <root url="jar://$USER_HOME$/.local/share/java12/lib/src.zip!/java.xml.crypto" type="simple" />
            <root url="jar://$USER_HOME$/.local/share/java12/lib/src.zip!/jdk.internal.ed" type="simple" />
            <root url="jar://$USER_HOME$/.local/share/java12/lib/src.zip!/jdk.internal.le" type="simple" />
            <root url="jar://$USER_HOME$/.local/share/java12/lib/src.zip!/jdk.unsupported" type="simple" />
            <root url="jar://$USER_HOME$/.local/share/java12/lib/src.zip!/java.smartcardio" type="simple" />
            <root url="jar://$USER_HOME$/.local/share/java12/lib/src.zip!/jdk.internal.opt" type="simple" />
            <root url="jar://$USER_HOME$/.local/share/java12/lib/src.zip!/java.datatransfer" type="simple" />
            <root url="jar://$USER_HOME$/.local/share/java12/lib/src.zip!/jdk.accessibility" type="simple" />
            <root url="jar://$USER_HOME$/.local/share/java12/lib/src.zip!/jdk.hotspot.agent" type="simple" />
            <root url="jar://$USER_HOME$/.local/share/java12/lib/src.zip!/jdk.security.auth" type="simple" />
            <root url="jar://$USER_HOME$/.local/share/java12/lib/src.zip!/jdk.security.jgss" type="simple" />
            <root url="jar://$USER_HOME$/.local/share/java12/lib/src.zip!/java.security.jgss" type="simple" />
            <root url="jar://$USER_HOME$/.local/share/java12/lib/src.zip!/java.security.sasl" type="simple" />
            <root url="jar://$USER_HOME$/.local/share/java12/lib/src.zip!/jdk.internal.vm.ci" type="simple" />
            <root url="jar://$USER_HOME$/.local/share/java12/lib/src.zip!/jdk.management.jfr" type="simple" />
            <root url="jar://$USER_HOME$/.local/share/java12/lib/src.zip!/java.management.rmi" type="simple" />
            <root url="jar://$USER_HOME$/.local/share/java12/lib/src.zip!/java.transaction.xa" type="simple" />
            <root url="jar://$USER_HOME$/.local/share/java12/lib/src.zip!/jdk.crypto.cryptoki" type="simple" />
            <root url="jar://$USER_HOME$/.local/share/java12/lib/src.zip!/jdk.internal.jvmstat" type="simple" />
            <root url="jar://$USER_HOME$/.local/share/java12/lib/src.zip!/jdk.management.agent" type="simple" />
            <root url="jar://$USER_HOME$/.local/share/java12/lib/src.zip!/jdk.scripting.nashorn" type="simple" />
            <root url="jar://$USER_HOME$/.local/share/java12/lib/src.zip!/jdk.unsupported.desktop" type="simple" />
            <root url="jar://$USER_HOME$/.local/share/java12/lib/src.zip!/jdk.internal.vm.compiler" type="simple" />
            <root url="jar://$USER_HOME$/.local/share/java12/lib/src.zip!/jdk.scripting.nashorn.shell" type="simple" />
            <root url="jar://$USER_HOME$/.local/share/java12/lib/src.zip!/jdk.internal.vm.compiler.management" type="simple" />
          </root>
        </sourcePath>
      </roots>
      <additional />
    </jdk>
    <jdk version="2">
      <name value="Kotlin SDK" />
      <type value="KotlinSDK" />
      <version value="1.3.61" />
      <homePath value="$KOTLIN_BUNDLED$" />
      <roots>
        <annotationsPath>
          <root type="composite" />
        </annotationsPath>
        <classPath>
          <root type="composite" />
        </classPath>
        <javadocPath>
          <root type="composite" />
        </javadocPath>
        <sourcePath>
          <root type="composite" />
        </sourcePath>
      </roots>
      <additional />
    </jdk>
    <jdk version="2">
      <name value="Elixir 1.10.2" />
      <type value="Elixir SDK" />
      <version value="Elixir 1.10.2" />
      <homePath value="/usr/lib/elixir" />
      <roots>
        <annotationsPath>
          <root type="composite" />
        </annotationsPath>
        <classPath>
          <root type="composite">
            <root url="file:///usr/lib/elixir/lib/eex/ebin" type="simple" />
            <root url="file:///usr/lib/elixir/lib/ex_unit/ebin" type="simple" />
            <root url="file:///usr/lib/elixir/lib/mix/ebin" type="simple" />
            <root url="file:///usr/lib/elixir/lib/logger/ebin" type="simple" />
            <root url="file:///usr/lib/elixir/lib/iex/ebin" type="simple" />
            <root url="file:///usr/lib/elixir/lib/elixir/ebin" type="simple" />
            <root url="file:///usr/lib/erlang/lib/debugger-4.2.8/ebin" type="simple" />
            <root url="file:///usr/lib/erlang/lib/os_mon-2.5.1/ebin" type="simple" />
            <root url="file:///usr/lib/erlang/lib/dialyzer-4.1.1/ebin" type="simple" />
            <root url="file:///usr/lib/erlang/lib/xmerl-1.3.24/ebin" type="simple" />
            <root url="file:///usr/lib/erlang/lib/edoc-0.11/ebin" type="simple" />
            <root url="file:///usr/lib/erlang/lib/snmp-5.5/ebin" type="simple" />
            <root url="file:///usr/lib/erlang/lib/parsetools-2.1.8/ebin" type="simple" />
            <root url="file:///usr/lib/erlang/lib/mnesia-4.16.3/ebin" type="simple" />
            <root url="file:///usr/lib/erlang/lib/eunit-2.4.1/ebin" type="simple" />
            <root url="file:///usr/lib/erlang/lib/stdlib-3.12.1/ebin" type="simple" />
            <root url="file:///usr/lib/erlang/lib/megaco-3.18.8/ebin" type="simple" />
            <root url="file:///usr/lib/erlang/lib/eldap-1.2.8/ebin" type="simple" />
            <root url="file:///usr/lib/erlang/lib/erl_interface-3.13.2/ebin" type="simple" />
            <root url="file:///usr/lib/erlang/lib/crypto-4.6.5/ebin" type="simple" />
            <root url="file:///usr/lib/erlang/lib/tools-3.3.1/ebin" type="simple" />
            <root url="file:///usr/lib/erlang/lib/common_test-1.18.2/ebin" type="simple" />
            <root url="file:///usr/lib/erlang/lib/syntax_tools-2.2.1/ebin" type="simple" />
            <root url="file:///usr/lib/erlang/lib/public_key-1.7.2/ebin" type="simple" />
            <root url="file:///usr/lib/erlang/lib/compiler-7.5.4/ebin" type="simple" />
            <root url="file:///usr/lib/erlang/lib/et-1.6.4/ebin" type="simple" />
            <root url="file:///usr/lib/erlang/lib/observer-2.9.3/ebin" type="simple" />
            <root url="file:///usr/lib/erlang/lib/tftp-1.0.2/ebin" type="simple" />
            <root url="file:///usr/lib/erlang/lib/ssh-4.9/ebin" type="simple" />
            <root url="file:///usr/lib/erlang/lib/jinterface-1.10.1/ebin" type="simple" />
            <root url="file:///usr/lib/erlang/lib/diameter-2.2.3/ebin" type="simple" />
            <root url="file:///usr/lib/erlang/lib/ftp-1.0.4/ebin" type="simple" />
            <root url="file:///usr/lib/erlang/lib/runtime_tools-1.14/ebin" type="simple" />
            <root url="file:///usr/lib/erlang/lib/inets-7.1.3/ebin" type="simple" />
            <root url="file:///usr/lib/erlang/lib/kernel-6.5.2/ebin" type="simple" />
            <root url="file:///usr/lib/erlang/lib/sasl-3.4.2/ebin" type="simple" />
            <root url="file:///usr/lib/erlang/lib/ssl-9.6.1/ebin" type="simple" />
            <root url="file:///usr/lib/erlang/lib/wx-1.9/ebin" type="simple" />
            <root url="file:///usr/lib/erlang/lib/hipe-3.19.3/ebin" type="simple" />
            <root url="file:///usr/lib/erlang/lib/reltool-0.8/ebin" type="simple" />
            <root url="file:///usr/lib/erlang/lib/erl_docgen-0.11/ebin" type="simple" />
            <root url="file:///usr/lib/erlang/lib/odbc-2.12.4/ebin" type="simple" />
            <root url="file:///usr/lib/erlang/lib/erts-10.7.1/ebin" type="simple" />
            <root url="file:///usr/lib/erlang/lib/asn1-5.0.11/ebin" type="simple" />
          </root>
        </classPath>
        <javadocPath>
          <root type="composite">
            <root url="https://hexdoc.pm/eex" type="simple" />
            <root url="https://hexdoc.pm/ex_unit" type="simple" />
            <root url="https://hexdoc.pm/mix" type="simple" />
            <root url="https://hexdoc.pm/logger" type="simple" />
            <root url="https://hexdoc.pm/iex" type="simple" />
            <root url="https://hexdoc.pm/elixir" type="simple" />
          </root>
        </javadocPath>
        <sourcePath>
          <root type="composite" />
        </sourcePath>
      </roots>
      <additional erlang-sdk-name="Erlang for Elixir 22" />
    </jdk>
    <jdk version="2">
      <name value="Erlang for Elixir 22" />
      <type value="Erlang SDK for Elixir SDK" />
      <version value="22" />
      <homePath value="/usr/lib/erlang" />
      <roots>
        <annotationsPath>
          <root type="composite" />
        </annotationsPath>
        <classPath>
          <root type="composite">
            <root url="file:///usr/lib/erlang/lib/debugger-4.2.8/ebin" type="simple" />
            <root url="file:///usr/lib/erlang/lib/os_mon-2.5.1/ebin" type="simple" />
            <root url="file:///usr/lib/erlang/lib/dialyzer-4.1.1/ebin" type="simple" />
            <root url="file:///usr/lib/erlang/lib/xmerl-1.3.24/ebin" type="simple" />
            <root url="file:///usr/lib/erlang/lib/edoc-0.11/ebin" type="simple" />
            <root url="file:///usr/lib/erlang/lib/snmp-5.5/ebin" type="simple" />
            <root url="file:///usr/lib/erlang/lib/parsetools-2.1.8/ebin" type="simple" />
            <root url="file:///usr/lib/erlang/lib/mnesia-4.16.3/ebin" type="simple" />
            <root url="file:///usr/lib/erlang/lib/eunit-2.4.1/ebin" type="simple" />
            <root url="file:///usr/lib/erlang/lib/stdlib-3.12.1/ebin" type="simple" />
            <root url="file:///usr/lib/erlang/lib/megaco-3.18.8/ebin" type="simple" />
            <root url="file:///usr/lib/erlang/lib/eldap-1.2.8/ebin" type="simple" />
            <root url="file:///usr/lib/erlang/lib/erl_interface-3.13.2/ebin" type="simple" />
            <root url="file:///usr/lib/erlang/lib/crypto-4.6.5/ebin" type="simple" />
            <root url="file:///usr/lib/erlang/lib/tools-3.3.1/ebin" type="simple" />
            <root url="file:///usr/lib/erlang/lib/common_test-1.18.2/ebin" type="simple" />
            <root url="file:///usr/lib/erlang/lib/syntax_tools-2.2.1/ebin" type="simple" />
            <root url="file:///usr/lib/erlang/lib/public_key-1.7.2/ebin" type="simple" />
            <root url="file:///usr/lib/erlang/lib/compiler-7.5.4/ebin" type="simple" />
            <root url="file:///usr/lib/erlang/lib/et-1.6.4/ebin" type="simple" />
            <root url="file:///usr/lib/erlang/lib/observer-2.9.3/ebin" type="simple" />
            <root url="file:///usr/lib/erlang/lib/tftp-1.0.2/ebin" type="simple" />
            <root url="file:///usr/lib/erlang/lib/ssh-4.9/ebin" type="simple" />
            <root url="file:///usr/lib/erlang/lib/jinterface-1.10.1/ebin" type="simple" />
            <root url="file:///usr/lib/erlang/lib/diameter-2.2.3/ebin" type="simple" />
            <root url="file:///usr/lib/erlang/lib/ftp-1.0.4/ebin" type="simple" />
            <root url="file:///usr/lib/erlang/lib/runtime_tools-1.14/ebin" type="simple" />
            <root url="file:///usr/lib/erlang/lib/inets-7.1.3/ebin" type="simple" />
            <root url="file:///usr/lib/erlang/lib/kernel-6.5.2/ebin" type="simple" />
            <root url="file:///usr/lib/erlang/lib/sasl-3.4.2/ebin" type="simple" />
            <root url="file:///usr/lib/erlang/lib/ssl-9.6.1/ebin" type="simple" />
            <root url="file:///usr/lib/erlang/lib/wx-1.9/ebin" type="simple" />
            <root url="file:///usr/lib/erlang/lib/hipe-3.19.3/ebin" type="simple" />
            <root url="file:///usr/lib/erlang/lib/reltool-0.8/ebin" type="simple" />
            <root url="file:///usr/lib/erlang/lib/erl_docgen-0.11/ebin" type="simple" />
            <root url="file:///usr/lib/erlang/lib/odbc-2.12.4/ebin" type="simple" />
            <root url="file:///usr/lib/erlang/lib/erts-10.7.1/ebin" type="simple" />
            <root url="file:///usr/lib/erlang/lib/asn1-5.0.11/ebin" type="simple" />
          </root>
        </classPath>
        <javadocPath>
          <root type="composite" />
        </javadocPath>
        <sourcePath>
          <root type="composite" />
        </sourcePath>
      </roots>
      <additional />
    </jdk>
    <jdk version="2">
      <name value="14" />
      <type value="JavaSDK" />
      <version value="java version &quot;14.0.1&quot;" />
      <homePath value="$USER_HOME$/.local/share/java14" />
      <roots>
        <annotationsPath>
          <root type="composite">
            <root url="jar://$APPLICATION_HOME_DIR$/plugins/java/lib/jdkAnnotations.jar!/" type="simple" />
          </root>
        </annotationsPath>
        <classPath>
          <root type="composite">
            <root url="jrt:///home/stevbov/.local/share/java14!/java.base" type="simple" />
            <root url="jrt:///home/stevbov/.local/share/java14!/java.compiler" type="simple" />
            <root url="jrt:///home/stevbov/.local/share/java14!/java.datatransfer" type="simple" />
            <root url="jrt:///home/stevbov/.local/share/java14!/java.desktop" type="simple" />
            <root url="jrt:///home/stevbov/.local/share/java14!/java.instrument" type="simple" />
            <root url="jrt:///home/stevbov/.local/share/java14!/java.logging" type="simple" />
            <root url="jrt:///home/stevbov/.local/share/java14!/java.management" type="simple" />
            <root url="jrt:///home/stevbov/.local/share/java14!/java.management.rmi" type="simple" />
            <root url="jrt:///home/stevbov/.local/share/java14!/java.naming" type="simple" />
            <root url="jrt:///home/stevbov/.local/share/java14!/java.net.http" type="simple" />
            <root url="jrt:///home/stevbov/.local/share/java14!/java.prefs" type="simple" />
            <root url="jrt:///home/stevbov/.local/share/java14!/java.rmi" type="simple" />
            <root url="jrt:///home/stevbov/.local/share/java14!/java.scripting" type="simple" />
            <root url="jrt:///home/stevbov/.local/share/java14!/java.se" type="simple" />
            <root url="jrt:///home/stevbov/.local/share/java14!/java.security.jgss" type="simple" />
            <root url="jrt:///home/stevbov/.local/share/java14!/java.security.sasl" type="simple" />
            <root url="jrt:///home/stevbov/.local/share/java14!/java.smartcardio" type="simple" />
            <root url="jrt:///home/stevbov/.local/share/java14!/java.sql" type="simple" />
            <root url="jrt:///home/stevbov/.local/share/java14!/java.sql.rowset" type="simple" />
            <root url="jrt:///home/stevbov/.local/share/java14!/java.transaction.xa" type="simple" />
            <root url="jrt:///home/stevbov/.local/share/java14!/java.xml" type="simple" />
            <root url="jrt:///home/stevbov/.local/share/java14!/java.xml.crypto" type="simple" />
            <root url="jrt:///home/stevbov/.local/share/java14!/jdk.accessibility" type="simple" />
            <root url="jrt:///home/stevbov/.local/share/java14!/jdk.aot" type="simple" />
            <root url="jrt:///home/stevbov/.local/share/java14!/jdk.attach" type="simple" />
            <root url="jrt:///home/stevbov/.local/share/java14!/jdk.charsets" type="simple" />
            <root url="jrt:///home/stevbov/.local/share/java14!/jdk.compiler" type="simple" />
            <root url="jrt:///home/stevbov/.local/share/java14!/jdk.crypto.cryptoki" type="simple" />
            <root url="jrt:///home/stevbov/.local/share/java14!/jdk.crypto.ec" type="simple" />
            <root url="jrt:///home/stevbov/.local/share/java14!/jdk.dynalink" type="simple" />
            <root url="jrt:///home/stevbov/.local/share/java14!/jdk.editpad" type="simple" />
            <root url="jrt:///home/stevbov/.local/share/java14!/jdk.hotspot.agent" type="simple" />
            <root url="jrt:///home/stevbov/.local/share/java14!/jdk.httpserver" type="simple" />
            <root url="jrt:///home/stevbov/.local/share/java14!/jdk.incubator.foreign" type="simple" />
            <root url="jrt:///home/stevbov/.local/share/java14!/jdk.incubator.jpackage" type="simple" />
            <root url="jrt:///home/stevbov/.local/share/java14!/jdk.internal.ed" type="simple" />
            <root url="jrt:///home/stevbov/.local/share/java14!/jdk.internal.jvmstat" type="simple" />
            <root url="jrt:///home/stevbov/.local/share/java14!/jdk.internal.le" type="simple" />
            <root url="jrt:///home/stevbov/.local/share/java14!/jdk.internal.opt" type="simple" />
            <root url="jrt:///home/stevbov/.local/share/java14!/jdk.internal.vm.ci" type="simple" />
            <root url="jrt:///home/stevbov/.local/share/java14!/jdk.internal.vm.compiler" type="simple" />
            <root url="jrt:///home/stevbov/.local/share/java14!/jdk.internal.vm.compiler.management" type="simple" />
            <root url="jrt:///home/stevbov/.local/share/java14!/jdk.jartool" type="simple" />
            <root url="jrt:///home/stevbov/.local/share/java14!/jdk.javadoc" type="simple" />
            <root url="jrt:///home/stevbov/.local/share/java14!/jdk.jcmd" type="simple" />
            <root url="jrt:///home/stevbov/.local/share/java14!/jdk.jconsole" type="simple" />
            <root url="jrt:///home/stevbov/.local/share/java14!/jdk.jdeps" type="simple" />
            <root url="jrt:///home/stevbov/.local/share/java14!/jdk.jdi" type="simple" />
            <root url="jrt:///home/stevbov/.local/share/java14!/jdk.jdwp.agent" type="simple" />
            <root url="jrt:///home/stevbov/.local/share/java14!/jdk.jfr" type="simple" />
            <root url="jrt:///home/stevbov/.local/share/java14!/jdk.jlink" type="simple" />
            <root url="jrt:///home/stevbov/.local/share/java14!/jdk.jshell" type="simple" />
            <root url="jrt:///home/stevbov/.local/share/java14!/jdk.jsobject" type="simple" />
            <root url="jrt:///home/stevbov/.local/share/java14!/jdk.jstatd" type="simple" />
            <root url="jrt:///home/stevbov/.local/share/java14!/jdk.localedata" type="simple" />
            <root url="jrt:///home/stevbov/.local/share/java14!/jdk.management" type="simple" />
            <root url="jrt:///home/stevbov/.local/share/java14!/jdk.management.agent" type="simple" />
            <root url="jrt:///home/stevbov/.local/share/java14!/jdk.management.jfr" type="simple" />
            <root url="jrt:///home/stevbov/.local/share/java14!/jdk.naming.dns" type="simple" />
            <root url="jrt:///home/stevbov/.local/share/java14!/jdk.naming.rmi" type="simple" />
            <root url="jrt:///home/stevbov/.local/share/java14!/jdk.net" type="simple" />
            <root url="jrt:///home/stevbov/.local/share/java14!/jdk.nio.mapmode" type="simple" />
            <root url="jrt:///home/stevbov/.local/share/java14!/jdk.rmic" type="simple" />
            <root url="jrt:///home/stevbov/.local/share/java14!/jdk.scripting.nashorn" type="simple" />
            <root url="jrt:///home/stevbov/.local/share/java14!/jdk.scripting.nashorn.shell" type="simple" />
            <root url="jrt:///home/stevbov/.local/share/java14!/jdk.sctp" type="simple" />
            <root url="jrt:///home/stevbov/.local/share/java14!/jdk.security.auth" type="simple" />
            <root url="jrt:///home/stevbov/.local/share/java14!/jdk.security.jgss" type="simple" />
            <root url="jrt:///home/stevbov/.local/share/java14!/jdk.unsupported" type="simple" />
            <root url="jrt:///home/stevbov/.local/share/java14!/jdk.unsupported.desktop" type="simple" />
            <root url="jrt:///home/stevbov/.local/share/java14!/jdk.xml.dom" type="simple" />
            <root url="jrt:///home/stevbov/.local/share/java14!/jdk.zipfs" type="simple" />
          </root>
        </classPath>
        <javadocPath>
          <root type="composite" />
        </javadocPath>
        <sourcePath>
          <root type="composite">
            <root url="jar://$USER_HOME$/.local/share/java14/lib/src.zip!/java.se" type="simple" />
            <root url="jar://$USER_HOME$/.local/share/java14/lib/src.zip!/jdk.aot" type="simple" />
            <root url="jar://$USER_HOME$/.local/share/java14/lib/src.zip!/jdk.jdi" type="simple" />
            <root url="jar://$USER_HOME$/.local/share/java14/lib/src.zip!/jdk.jfr" type="simple" />
            <root url="jar://$USER_HOME$/.local/share/java14/lib/src.zip!/jdk.net" type="simple" />
            <root url="jar://$USER_HOME$/.local/share/java14/lib/src.zip!/java.rmi" type="simple" />
            <root url="jar://$USER_HOME$/.local/share/java14/lib/src.zip!/java.sql" type="simple" />
            <root url="jar://$USER_HOME$/.local/share/java14/lib/src.zip!/java.xml" type="simple" />
            <root url="jar://$USER_HOME$/.local/share/java14/lib/src.zip!/jdk.jcmd" type="simple" />
            <root url="jar://$USER_HOME$/.local/share/java14/lib/src.zip!/jdk.rmic" type="simple" />
            <root url="jar://$USER_HOME$/.local/share/java14/lib/src.zip!/jdk.sctp" type="simple" />
            <root url="jar://$USER_HOME$/.local/share/java14/lib/src.zip!/java.base" type="simple" />
            <root url="jar://$USER_HOME$/.local/share/java14/lib/src.zip!/jdk.jdeps" type="simple" />
            <root url="jar://$USER_HOME$/.local/share/java14/lib/src.zip!/jdk.jlink" type="simple" />
            <root url="jar://$USER_HOME$/.local/share/java14/lib/src.zip!/jdk.zipfs" type="simple" />
            <root url="jar://$USER_HOME$/.local/share/java14/lib/src.zip!/java.prefs" type="simple" />
            <root url="jar://$USER_HOME$/.local/share/java14/lib/src.zip!/jdk.attach" type="simple" />
            <root url="jar://$USER_HOME$/.local/share/java14/lib/src.zip!/jdk.jshell" type="simple" />
            <root url="jar://$USER_HOME$/.local/share/java14/lib/src.zip!/jdk.jstatd" type="simple" />
            <root url="jar://$USER_HOME$/.local/share/java14/lib/src.zip!/java.naming" type="simple" />
            <root url="jar://$USER_HOME$/.local/share/java14/lib/src.zip!/jdk.editpad" type="simple" />
            <root url="jar://$USER_HOME$/.local/share/java14/lib/src.zip!/jdk.jartool" type="simple" />
            <root url="jar://$USER_HOME$/.local/share/java14/lib/src.zip!/jdk.javadoc" type="simple" />
            <root url="jar://$USER_HOME$/.local/share/java14/lib/src.zip!/jdk.xml.dom" type="simple" />
            <root url="jar://$USER_HOME$/.local/share/java14/lib/src.zip!/java.desktop" type="simple" />
            <root url="jar://$USER_HOME$/.local/share/java14/lib/src.zip!/java.logging" type="simple" />
            <root url="jar://$USER_HOME$/.local/share/java14/lib/src.zip!/jdk.charsets" type="simple" />
            <root url="jar://$USER_HOME$/.local/share/java14/lib/src.zip!/jdk.compiler" type="simple" />
            <root url="jar://$USER_HOME$/.local/share/java14/lib/src.zip!/jdk.dynalink" type="simple" />
            <root url="jar://$USER_HOME$/.local/share/java14/lib/src.zip!/jdk.jconsole" type="simple" />
            <root url="jar://$USER_HOME$/.local/share/java14/lib/src.zip!/jdk.jsobject" type="simple" />
            <root url="jar://$USER_HOME$/.local/share/java14/lib/src.zip!/java.compiler" type="simple" />
            <root url="jar://$USER_HOME$/.local/share/java14/lib/src.zip!/java.net.http" type="simple" />
            <root url="jar://$USER_HOME$/.local/share/java14/lib/src.zip!/jdk.crypto.ec" type="simple" />
            <root url="jar://$USER_HOME$/.local/share/java14/lib/src.zip!/java.scripting" type="simple" />
            <root url="jar://$USER_HOME$/.local/share/java14/lib/src.zip!/jdk.httpserver" type="simple" />
            <root url="jar://$USER_HOME$/.local/share/java14/lib/src.zip!/jdk.jdwp.agent" type="simple" />
            <root url="jar://$USER_HOME$/.local/share/java14/lib/src.zip!/jdk.localedata" type="simple" />
            <root url="jar://$USER_HOME$/.local/share/java14/lib/src.zip!/jdk.management" type="simple" />
            <root url="jar://$USER_HOME$/.local/share/java14/lib/src.zip!/jdk.naming.dns" type="simple" />
            <root url="jar://$USER_HOME$/.local/share/java14/lib/src.zip!/jdk.naming.rmi" type="simple" />
            <root url="jar://$USER_HOME$/.local/share/java14/lib/src.zip!/java.instrument" type="simple" />
            <root url="jar://$USER_HOME$/.local/share/java14/lib/src.zip!/java.management" type="simple" />
            <root url="jar://$USER_HOME$/.local/share/java14/lib/src.zip!/java.sql.rowset" type="simple" />
            <root url="jar://$USER_HOME$/.local/share/java14/lib/src.zip!/java.xml.crypto" type="simple" />
            <root url="jar://$USER_HOME$/.local/share/java14/lib/src.zip!/jdk.internal.ed" type="simple" />
            <root url="jar://$USER_HOME$/.local/share/java14/lib/src.zip!/jdk.internal.le" type="simple" />
            <root url="jar://$USER_HOME$/.local/share/java14/lib/src.zip!/jdk.nio.mapmode" type="simple" />
            <root url="jar://$USER_HOME$/.local/share/java14/lib/src.zip!/jdk.unsupported" type="simple" />
            <root url="jar://$USER_HOME$/.local/share/java14/lib/src.zip!/java.smartcardio" type="simple" />
            <root url="jar://$USER_HOME$/.local/share/java14/lib/src.zip!/jdk.internal.opt" type="simple" />
            <root url="jar://$USER_HOME$/.local/share/java14/lib/src.zip!/java.datatransfer" type="simple" />
            <root url="jar://$USER_HOME$/.local/share/java14/lib/src.zip!/jdk.accessibility" type="simple" />
            <root url="jar://$USER_HOME$/.local/share/java14/lib/src.zip!/jdk.hotspot.agent" type="simple" />
            <root url="jar://$USER_HOME$/.local/share/java14/lib/src.zip!/jdk.security.auth" type="simple" />
            <root url="jar://$USER_HOME$/.local/share/java14/lib/src.zip!/jdk.security.jgss" type="simple" />
            <root url="jar://$USER_HOME$/.local/share/java14/lib/src.zip!/java.security.jgss" type="simple" />
            <root url="jar://$USER_HOME$/.local/share/java14/lib/src.zip!/java.security.sasl" type="simple" />
            <root url="jar://$USER_HOME$/.local/share/java14/lib/src.zip!/jdk.internal.vm.ci" type="simple" />
            <root url="jar://$USER_HOME$/.local/share/java14/lib/src.zip!/jdk.management.jfr" type="simple" />
            <root url="jar://$USER_HOME$/.local/share/java14/lib/src.zip!/java.management.rmi" type="simple" />
            <root url="jar://$USER_HOME$/.local/share/java14/lib/src.zip!/java.transaction.xa" type="simple" />
            <root url="jar://$USER_HOME$/.local/share/java14/lib/src.zip!/jdk.crypto.cryptoki" type="simple" />
            <root url="jar://$USER_HOME$/.local/share/java14/lib/src.zip!/jdk.internal.jvmstat" type="simple" />
            <root url="jar://$USER_HOME$/.local/share/java14/lib/src.zip!/jdk.management.agent" type="simple" />
            <root url="jar://$USER_HOME$/.local/share/java14/lib/src.zip!/jdk.incubator.foreign" type="simple" />
            <root url="jar://$USER_HOME$/.local/share/java14/lib/src.zip!/jdk.scripting.nashorn" type="simple" />
            <root url="jar://$USER_HOME$/.local/share/java14/lib/src.zip!/jdk.incubator.jpackage" type="simple" />
            <root url="jar://$USER_HOME$/.local/share/java14/lib/src.zip!/jdk.unsupported.desktop" type="simple" />
            <root url="jar://$USER_HOME$/.local/share/java14/lib/src.zip!/jdk.internal.vm.compiler" type="simple" />
            <root url="jar://$USER_HOME$/.local/share/java14/lib/src.zip!/jdk.scripting.nashorn.shell" type="simple" />
            <root url="jar://$USER_HOME$/.local/share/java14/lib/src.zip!/jdk.internal.vm.compiler.management" type="simple" />
          </root>
        </sourcePath>
      </roots>
      <additional />
    </jdk>
  </component>
</application>