<keymap version="1" name="Default for GNOME copy" parent="Default for GNOME">
  <action id="$Copy">
    <keyboard-shortcut first-keystroke="ctrl insert" />
  </action>
  <action id="CopyAsPlainText">
    <keyboard-shortcut first-keystroke="ctrl c" />
  </action>
  <action id="EditorCopy">
    <keyboard-shortcut first-keystroke="ctrl insert" />
  </action>
  <action id="EditorMoveToPageBottom" />
  <action id="EditorMoveToPageTop" />
  <action id="NextTab">
    <keyboard-shortcut first-keystroke="ctrl page_down" />
  </action>
  <action id="PreviousTab">
    <keyboard-shortcut first-keystroke="ctrl page_up" />
  </action>
  <action id="QuickDocCopy">
    <keyboard-shortcut first-keystroke="ctrl insert" />
  </action>
  <action id="XDebugger.CopyValue">
    <keyboard-shortcut first-keystroke="ctrl insert" />
  </action>
</keymap>